{"train/loss": 2.353224515914917, "_timestamp": 1675367538.5497186, "_runtime": 278.89983773231506, "_step": 61, "gradients/convblock.cmodules.0.weight": {"_type": "histogram", "values": [34.0, 177.0, 386.0, 346.0, 82.0, 249.0, 639.0, 1134.0, 1022.0, 269.0, 116.0, 85.0, 41.0, 259.0, 2228.0, 1037.0, 1701.0, 3868.0, 854.0, 5485.0, 2284.0, 1290.0, 51.0, 133.0, 866.0, 114.0, 12.0, 38.0, 93.0, 400.0, 433.0, 132.0, 16.0, 1.0, 6.0, 18.0, 9.0, 35.0, 34.0, 67.0, 135.0, 208.0, 322.0, 202.0, 90.0, 24.0, 0.0, 0.0, 0.0, 9.0, 16.0, 24.0, 18.0, 52.0, 59.0, 79.0, 130.0, 159.0, 153.0, 133.0, 129.0, 97.0, 32.0, 10.0], "bins": [-0.5288969874382019, -0.5018307566642761, -0.47476455569267273, -0.44769835472106934, -0.42063212394714355, -0.3935658931732178, -0.3664996922016144, -0.339433491230011, -0.3123672604560852, -0.2853010296821594, -0.25823482871055603, -0.23116861283779144, -0.20410239696502686, -0.17703618109226227, -0.14996996521949768, -0.1229037493467331, -0.0958375334739685, -0.06877131760120392, -0.04170510172843933, -0.014638885855674744, 0.012427330017089844, 0.03949354588985443, 0.06655976176261902, 0.0936259776353836, 0.1206921935081482, 0.14775840938091278, 0.17482462525367737, 0.20189084112644196, 0.22895705699920654, 0.2560232877731323, 0.2830894887447357, 0.3101556897163391, 0.3372218608856201, 0.3642880916595459, 0.3913542926311493, 0.4184204936027527, 0.44548672437667847, 0.47255295515060425, 0.49961915612220764, 0.526685357093811, 0.5537515878677368, 0.5808178186416626, 0.6078840494155884, 0.6349502205848694, 0.6620164513587952, 0.689082682132721, 0.716148853302002, 0.7432150840759277, 0.7702813148498535, 0.7973475456237793, 0.8244137763977051, 0.8514799475669861, 0.8785461783409119, 0.9056124091148376, 0.9326785802841187, 0.9597448110580444, 0.9868110418319702, 1.013877272605896, 1.0409435033798218, 1.0680097341537476, 1.0950758457183838, 1.1221420764923096, 1.1492083072662354, 1.1762745380401611, 1.203340768814087]}, "gradients/convblock.cmodules.0.bias": {"_type": "histogram", "values": [1.0, 0.0, 0.0, 0.0, 1.0, 1.0, 1.0, 0.0, 0.0, 0.0, 0.0, 0.0, 0.0, 2.0, 1.0, 0.0, 3.0, 3.0, 0.0, 5.0, 2.0, 1.0, 0.0, 0.0, 0.0, 1.0, 0.0, 0.0, 0.0, 0.0, 0.0, 1.0, 0.0, 0.0, 0.0, 0.0, 0.0, 0.0, 0.0, 0.0, 0.0, 0.0, 0.0, 0.0, 1.0, 0.0, 0.0, 0.0, 0.0, 0.0, 0.0, 0.0, 0.0, 0.0, 0.0, 0.0, 0.0, 0.0, 0.0, 0.0, 0.0, 0.0, 0.0, 1.0], "bins": [-0.037246234714984894, -0.03532456234097481, -0.03340289369225502, -0.031481221318244934, -0.029559550806879997, -0.02763788029551506, -0.025716209784150124, -0.023794539272785187, -0.0218728668987751, -0.019951196387410164, -0.018029525876045227, -0.01610785350203514, -0.014186182990670204, -0.012264512479305267, -0.01034284196794033, -0.008421170525252819, -0.006499500945210457, -0.004577829968184233, -0.0026561592239886522, -0.0007344884797930717, 0.0011871824972331524, 0.0031088534742593765, 0.005030523985624313, 0.006952195428311825, 0.008873865939676762, 0.010795536451041698, 0.01271720789372921, 0.014638878405094147, 0.016560548916459084, 0.01848221942782402, 0.020403891801834106, 0.022325562313199043, 0.02424723282456398, 0.026168903335928917, 0.028090573847293854, 0.03001224622130394, 0.03193391487002373, 0.033855587244033813, 0.0357772558927536, 0.03769892826676369, 0.03962060064077377, 0.04154227301478386, 0.04346394166350365, 0.04538561403751373, 0.04730728268623352, 0.04922895506024361, 0.05115062743425369, 0.05307229608297348, 0.05499396473169327, 0.056915637105703354, 0.05883730575442314, 0.06075897812843323, 0.06268064677715302, 0.0646023154258728, 0.06652399152517319, 0.06844566017389297, 0.07036733627319336, 0.07228900492191315, 0.07421068102121353, 0.07613234966993332, 0.0780540183186531, 0.07997569441795349, 0.08189736306667328, 0.08381903171539307, 0.08574070036411285]}, "gradients/W": {"_type": "histogram", "values": [1.0, 0.0, 0.0, 0.0, 0.0, 0.0, 0.0, 1.0, 2.0, 2.0, 2.0, 2.0, 3.0, 11.0, 15.0, 20.0, 32.0, 42.0, 81.0, 121.0, 195.0, 310.0, 465.0, 780.0, 1273.0, 1804.0, 2737.0, 4118.0, 6165.0, 9191.0, 13444.0, 20093.0, 33418.0, 54036.0, 25974.0, 15207.0, 9812.0, 6503.0, 4687.0, 3551.0, 2607.0, 1916.0, 1435.0, 1153.0, 898.0, 686.0, 537.0, 416.0, 302.0, 242.0, 205.0, 130.0, 116.0, 85.0, 58.0, 46.0, 22.0, 17.0, 7.0, 12.0, 3.0, 4.0, 3.0, 2.0], "bins": [-0.0013360345037654042, -0.0012958698207512498, -0.0012557050213217735, -0.001215540338307619, -0.0011753756552934647, -0.0011352108558639884, -0.001095046172849834, -0.0010548813734203577, -0.0010147166904062033, -0.0009745519491843879, -0.0009343872661702335, -0.0008942225249484181, -0.0008540577837266028, -0.0008138930425047874, -0.000773728359490633, -0.0007335636182688177, -0.0006933989352546632, -0.0006532341940328479, -0.0006130695110186934, -0.0005729047697968781, -0.0005327400285750628, -0.0004925753455609083, -0.00045241060433909297, -0.0004122458631172776, -0.00037208115099929273, -0.00033191643888130784, -0.0002917516976594925, -0.0002515869855415076, -0.00021142225887160748, -0.00017125753220170736, -0.00013109282008372247, -9.092807886190712e-05, -5.0763366743922234e-05, -1.0598643712000921e-05, 2.956607931992039e-05, 6.97307987138629e-05, 0.00010989552538376302, 0.00015006025205366313, 0.00019022496417164803, 0.00023038970539346337, 0.00027055441751144826, 0.00031071912962943316, 0.0003508838708512485, 0.0003910485829692334, 0.0004312132950872183, 0.00047137803630903363, 0.000511542777530849, 0.0005517074605450034, 0.0005918722017668188, 0.0006320369429886341, 0.0006722016260027885, 0.0007123663672246039, 0.0007525311084464192, 0.0007926957914605737, 0.000832860532682389, 0.0008730252739042044, 0.0009131899569183588, 0.0009533546981401742, 0.0009935194393619895, 0.001033684122376144, 0.0010738488053902984, 0.0011140136048197746, 0.001154178287833929, 0.0011943429708480835, 0.0012345077702775598]}, "gradients/blockmodules.0.mha_within.out_proj.bias": {"_type": "histogram", "values": [1.0, 0.0, 0.0, 0.0, 0.0, 0.0, 0.0, 0.0, 0.0, 1.0, 0.0, 0.0, 1.0, 2.0, 0.0, 0.0, 0.0, 0.0, 1.0, 3.0, 4.0, 4.0, 2.0, 4.0, 1.0, 6.0, 2.0, 6.0, 4.0, 5.0, 11.0, 7.0, 3.0, 5.0, 2.0, 3.0, 3.0, 1.0, 2.0, 2.0, 0.0, 2.0, 1.0, 2.0, 1.0, 0.0, 0.0, 2.0, 0.0, 1.0, 1.0, 1.0, 0.0, 0.0, 0.0, 0.0, 0.0, 1.0, 0.0, 1.0, 0.0, 0.0, 0.0, 1.0], "bins": [-0.025213293731212616, -0.024386942386627197, -0.02356059104204178, -0.02273423969745636, -0.02190788835287094, -0.021081537008285522, -0.020255185663700104, -0.019428834319114685, -0.018602482974529266, -0.017776131629943848, -0.01694978028535843, -0.01612342894077301, -0.015297077596187592, -0.014470726251602173, -0.013644374907016754, -0.012818023562431335, -0.011991673149168491, -0.011165321804583073, -0.010338970459997654, -0.009512619115412235, -0.008686267770826817, -0.007859917357563972, -0.0070335655473172665, -0.006207214202731848, -0.005380862858146429, -0.00455451151356101, -0.0037281601689755917, -0.0029018090572208166, -0.002075457712635398, -0.0012491066008806229, -0.00042275525629520416, 0.00040359608829021454, 0.0012299474328756332, 0.002056298777461052, 0.0028826501220464706, 0.0037090012338012457, 0.004535352811217308, 0.0053617036901414394, 0.006188055034726858, 0.007014406379312277, 0.007840758189558983, 0.008667109534144402, 0.00949346087872982, 0.010319812223315239, 0.011146163567900658, 0.011972514912486076, 0.012798866257071495, 0.013625217601656914, 0.014451568014919758, 0.015277919359505177, 0.01610426977276802, 0.01693062111735344, 0.017756972461938858, 0.018583323806524277, 0.019409675151109695, 0.020236026495695114, 0.021062377840280533, 0.02188872918486595, 0.02271508052945137, 0.02354143187403679, 0.024367783218622208, 0.025194134563207626, 0.026020485907793045, 0.026846837252378464, 0.027673188596963882]}, "gradients/blockmodules.0.mha_within.out_proj.weight": {"_type": "histogram",